"Region","Country","Item"
"Asia","Kyrgyzstan","Vegetables"
"Asia","Bangladesh","Clothes"
"Asia","Mongolia","Personal"
"Europe","Bulgaria","Clothes"
"Asia","Sri Lanka","Cosmetics"
"Asia","Turkmenistan","Household"
"Europe","Norway","Baby Food"
"Sub-Saharan","Cameroon","Beverages"
"Australia","New-Zealand","Fruits"
"Europe","Portugal","Baby Food"
"Europe","Moldova ","Personal"
"Europe","France","Cosmetics"
"Australia","Kiribati","Fruits"
"Europe","Norway","Beverages"
"Sub-Saharan","Mali","Fruits"
"Sub-Saharan","The Gambia","Household"
"Asia","Myanmar","Household"
"Europe","Switzerland","Cosmetics"
"Sub-Saharan","Sudan","Personal"
"Sub-Saharan","Djibouti","Snacks"
"Asia","Brunei","Office Supplies"
"Europe","Bulgaria","Office"
"Sub-Saharan","The Gambia","Meat"
"Sub-Saharan","Niger","Personal"
